<?xml version="1.0" encoding="UTF-8"?>
<metadata xml:lang="en"><Esri><CreaDate>20190318</CreaDate><CreaTime>21165700</CreaTime><SyncOnce>FALSE</SyncOnce><SyncDate>20111115</SyncDate><SyncTime>16101900</SyncTime><ModDate>20111115</ModDate><ModTime>16101900</ModTime><DataProperties><lineage><Process ToolSource="C:\Program Files\ArcGIS\ArcToolbox\Toolboxes\Conversion Tools.tbx\FeatureClassToFeatureClass" Date="20100311" Time="142616">FeatureClassToFeatureClass X:\GIS_data\statewide\pr_utm83\county.shp X:\GIS_data\NEBR_base.gdb\Administrative County # "AREA 'AREA' true true false 12 Double 3 11 ,First,#,X:\GIS_data\statewide\pr_utm83\county.shp,AREA,-1,-1;PERIMETER 'PERIMETER' true true false 12 Double 3 11 ,First,#,X:\GIS_data\statewide\pr_utm83\county.shp,PERIMETER,-1,-1;COUNTYBND_ 'COUNTYBND_' true true false 11 Double 0 11 ,First,#,X:\GIS_data\statewide\pr_utm83\county.shp,COUNTYBND_,-1,-1;COUNTYBND1 'COUNTYBND1' true true false 11 Double 0 11 ,First,#,X:\GIS_data\statewide\pr_utm83\county.shp,COUNTYBND1,-1,-1;COUNTY_NO 'COUNTY_NO' true true false 2 Short 0 2 ,First,#,X:\GIS_data\statewide\pr_utm83\county.shp,COUNTY_NO,-1,-1;COUNTY_NAM 'COUNTY_NAM' true true false 12 Text 0 0 ,First,#,X:\GIS_data\statewide\pr_utm83\county.shp,COUNTY_NAM,-1,-1;FIPS_CODE 'FIPS_CODE' true true false 3 Short 0 3 ,First,#,X:\GIS_data\statewide\pr_utm83\county.shp,FIPS_CODE,-1,-1;CTYNAME_UP 'CTYNAME_UP' true true false 12 Text 0 0 ,First,#,X:\GIS_data\statewide\pr_utm83\county.shp,CTYNAME_UP,-1,-1;CTYNAME_LO 'CTYNAME_LO' true true false 12 Text 0 0 ,First,#,X:\GIS_data\statewide\pr_utm83\county.shp,CTYNAME_LO,-1,-1;acres 'acres' true true false 11 Double 2 10 ,First,#,X:\GIS_data\statewide\pr_utm83\county.shp,acres,-1,-1" # X:\GIS_data\NEBR_base.gdb\Administrative\County</Process><Process ToolSource="C:\Program Files\ArcGIS\Desktop10.0\ArcToolbox\Toolboxes\Conversion Tools.tbx\FeatureClassToFeatureClass" Date="20111115" Time="161020">FeatureClassToFeatureClass \\DRARCGIS\TestData\NEBR_base_1.gdb\Administrative\County E:\Drterra\GIS_Data\Shapefiles\Administrative County.shp # "AREA "AREA" true true false 8 Double 0 0 ,First,#,\\DRARCGIS\TestData\NEBR_base_1.gdb\Administrative\County,AREA,-1,-1;PERIMETER "PERIMETER" true true false 8 Double 0 0 ,First,#,\\DRARCGIS\TestData\NEBR_base_1.gdb\Administrative\County,PERIMETER,-1,-1;COUNTYBND_ "COUNTYBND_" true true false 8 Double 0 0 ,First,#,\\DRARCGIS\TestData\NEBR_base_1.gdb\Administrative\County,COUNTYBND_,-1,-1;COUNTYBND1 "COUNTYBND1" true true false 8 Double 0 0 ,First,#,\\DRARCGIS\TestData\NEBR_base_1.gdb\Administrative\County,COUNTYBND1,-1,-1;COUNTY_NO "COUNTY_NO" true true false 2 Short 0 0 ,First,#,\\DRARCGIS\TestData\NEBR_base_1.gdb\Administrative\County,COUNTY_NO,-1,-1;COUNTY_NAM "COUNTY_NAM" true true false 12 Text 0 0 ,First,#,\\DRARCGIS\TestData\NEBR_base_1.gdb\Administrative\County,COUNTY_NAM,-1,-1;FIPS_CODE "FIPS_CODE" true true false 2 Short 0 0 ,First,#,\\DRARCGIS\TestData\NEBR_base_1.gdb\Administrative\County,FIPS_CODE,-1,-1;CTYNAME_UP "CTYNAME_UP" true true false 12 Text 0 0 ,First,#,\\DRARCGIS\TestData\NEBR_base_1.gdb\Administrative\County,CTYNAME_UP,-1,-1;CTYNAME_LO "CTYNAME_LO" true true false 12 Text 0 0 ,First,#,\\DRARCGIS\TestData\NEBR_base_1.gdb\Administrative\County,CTYNAME_LO,-1,-1;acres "acres" true true false 8 Double 0 0 ,First,#,\\DRARCGIS\TestData\NEBR_base_1.gdb\Administrative\County,acres,-1,-1;Shape_Leng "Shape_Length" false true true 8 Double 0 0 ,First,#,\\DRARCGIS\TestData\NEBR_base_1.gdb\Administrative\County,Shape_Length,-1,-1;Shape_Area "Shape_Area" false true true 8 Double 0 0 ,First,#,\\DRARCGIS\TestData\NEBR_base_1.gdb\Administrative\County,Shape_Area,-1,-1" #</Process></lineage><itemProps><itemName Sync="TRUE">County</itemName><imsContentType Sync="TRUE">002</imsContentType><itemSize Sync="TRUE">0.000</itemSize><itemLocation><linkage Sync="TRUE">file://\\DESKTOP-B6HDV39\C$\Users\Adam Miller\Documents\Courses\Geog_575\counties\countyproj</linkage><protocol Sync="TRUE">Local Area Network</protocol></itemLocation></itemProps><coordRef><type Sync="TRUE">Projected</type><geogcsn Sync="TRUE">GCS_North_American_1983</geogcsn><projcsn Sync="TRUE">NAD_1983_StatePlane_Nebraska_FIPS_2600_Feet</projcsn><peXml Sync="TRUE">&lt;ProjectedCoordinateSystem xsi:type='typens:ProjectedCoordinateSystem' xmlns:xsi='http://www.w3.org/2001/XMLSchema-instance' xmlns:xs='http://www.w3.org/2001/XMLSchema' xmlns:typens='http://www.esri.com/schemas/ArcGIS/10.0'&gt;&lt;WKT&gt;PROJCS[&amp;quot;NAD_1983_StatePlane_Nebraska_FIPS_2600_Feet&amp;quot;,GEOGCS[&amp;quot;GCS_North_American_1983&amp;quot;,DATUM[&amp;quot;D_North_American_1983&amp;quot;,SPHEROID[&amp;quot;GRS_1980&amp;quot;,6378137.0,298.257222101]],PRIMEM[&amp;quot;Greenwich&amp;quot;,0.0],UNIT[&amp;quot;Degree&amp;quot;,0.0174532925199433]],PROJECTION[&amp;quot;Lambert_Conformal_Conic&amp;quot;],PARAMETER[&amp;quot;False_Easting&amp;quot;,1640416.666666667],PARAMETER[&amp;quot;False_Northing&amp;quot;,0.0],PARAMETER[&amp;quot;Central_Meridian&amp;quot;,-100.0],PARAMETER[&amp;quot;Standard_Parallel_1&amp;quot;,40.0],PARAMETER[&amp;quot;Standard_Parallel_2&amp;quot;,43.0],PARAMETER[&amp;quot;Latitude_Of_Origin&amp;quot;,39.83333333333334],UNIT[&amp;quot;Foot_US&amp;quot;,0.3048006096012192],AUTHORITY[&amp;quot;EPSG&amp;quot;,26852]]&lt;/WKT&gt;&lt;XOrigin&gt;-119097700&lt;/XOrigin&gt;&lt;YOrigin&gt;-96454900&lt;/YOrigin&gt;&lt;XYScale&gt;37300567.321918227&lt;/XYScale&gt;&lt;ZOrigin&gt;-100000&lt;/ZOrigin&gt;&lt;ZScale&gt;10000&lt;/ZScale&gt;&lt;MOrigin&gt;-100000&lt;/MOrigin&gt;&lt;MScale&gt;10000&lt;/MScale&gt;&lt;XYTolerance&gt;0.0032808333333333335&lt;/XYTolerance&gt;&lt;ZTolerance&gt;0.001&lt;/ZTolerance&gt;&lt;MTolerance&gt;0.001&lt;/MTolerance&gt;&lt;HighPrecision&gt;true&lt;/HighPrecision&gt;&lt;WKID&gt;26852&lt;/WKID&gt;&lt;/ProjectedCoordinateSystem&gt;</peXml></coordRef><copyHistory><copy source="C:\Users\Adam Miller\Documents\Courses\Geog_575\countyproj" dest="\\DESKTOP-B6HDV39\C$\Users\Adam Miller\Documents\Courses\Geog_575\counties\countyproj" date="20190318" time="21212900"></copy></copyHistory></DataProperties><ArcGISFormat>1.0</ArcGISFormat></Esri><idinfo><native Sync="TRUE">Microsoft Windows XP Version 5.1 (Build 2600) Service Pack 3; ESRI ArcCatalog 9.3.1.1850</native><descript><langdata Sync="TRUE">en</langdata><abstract>This dataset provides information of county boundaries for the State of Nebraska.</abstract><purpose>This dataset provides information of county boundaries for the State of Nebraska.</purpose></descript><citation><citeinfo><origin>State of Nebraska Department of Roads</origin><pubdate>20160708</pubdate><title Sync="TRUE">County boundaries for the State of Nebraska</title><ftname Sync="TRUE">County</ftname><geoform Sync="TRUE">vector digital data</geoform><pubinfo><publish>State of Nebraska Department of Roads</publish><pubplace>Lincoln, NE</pubplace></pubinfo><onlink>http://roads.nebraska.gov</onlink><onlink>http://roads.nebraska.gov</onlink></citeinfo></citation><timeperd><current>Publication date</current><timeinfo><sngdate><caldate>20160708</caldate></sngdate></timeinfo></timeperd><status><progress>Complete</progress><update>annually</update></status><spdom><bounding><westbc>-104.156388</westbc><eastbc>-95.10593</eastbc><northbc>43.104612</northbc><southbc>39.857607</southbc></bounding></spdom><keywords><theme><themekt>REQUIRED: Reference to a formally registered thesaurus or a similar authoritative source of theme keywords.</themekt><themekey>REQUIRED: Common-use word or phrase used to describe the subject of the data set.</themekey></theme><theme><themekt>ISO 19115 Topic Category</themekt><themekey>boundaries</themekey></theme></keywords><accconst>None</accconst><useconst>The public information contained herein is furnished as a public service by the State of Nebraska Office of the CIO GIS Shared Services("The State"). The State makes no warranties, either expressed or implied, concerning the accuracy, completeness, reliability, or suitability of the information for any other particular use. Furthermore, the State assumes no liability associated with the use or misuse of said information.</useconst><natvform Sync="TRUE">File Geodatabase Feature Class</natvform><secinfo><secclass>public</secclass></secinfo><ptcontac><cntinfo><cntorgp><cntorg>State of Nebraska Department of Roads</cntorg><cntper>Michael Niedermeyer</cntper></cntorgp><cntpos>Geospatial Data Owner</cntpos><cntaddr><addrtype>mailing and physical address</addrtype><address>1500 Highway 2</address><city>Lincoln</city><state>NE</state><postal>68502</postal></cntaddr><cntemail>michael.niedermeyer@nebraska.gov</cntemail></cntinfo></ptcontac></idinfo><dataIdInfo><envirDesc Sync="TRUE">Microsoft Windows Server 2008 R2 Version 6.1 (Build 7601) Service Pack 1; ESRI ArcGIS 10.0.2.3200</envirDesc><dataLang><languageCode Sync="TRUE" value="eng" country="USA"></languageCode></dataLang><idCitation><resTitle Sync="TRUE">County</resTitle><presForm><PresFormCd value="005"></PresFormCd></presForm></idCitation><descKeys><thesaName uuidref="723f6998-058e-11dc-8314-0800200c9a66"></thesaName><keyword Sync="TRUE">002</keyword></descKeys><spatRpType><SpatRepTypCd value="001"></SpatRepTypCd></spatRpType></dataIdInfo><metainfo><langmeta Sync="TRUE">en</langmeta><metstdn Sync="TRUE">North American Profile of ISO 19115</metstdn><metstdv Sync="TRUE">2003</metstdv><mettc Sync="TRUE">local time</mettc><metd Sync="TRUE">20160708</metd><metfrd>20200708</metfrd><metc><cntinfo><cntorgp><cntorg>State of Nebraska Department of Roads</cntorg><cntper>Michael Niedermeyer</cntper></cntorgp><cntpos>Geospatial Data Owner</cntpos><cntaddr><addrtype>mailing and physical address</addrtype><address>1500 Highway 2</address><city>Lincoln</city><state>NE</state><postal>68502</postal></cntaddr><cntemail>michael.niedermeyer@nebraska.gov</cntemail></cntinfo></metc></metainfo><mdLang><languageCode Sync="TRUE" value="eng"></languageCode></mdLang><mdStanName Sync="TRUE">ISO 19115 Geographic Information - Metadata</mdStanName><mdStanVer Sync="TRUE">DIS_ESRI1.0</mdStanVer><mdChar><CharSetCd Sync="TRUE" value="004"></CharSetCd></mdChar><mdHrLv><ScopeCd Sync="TRUE" value="005"></ScopeCd></mdHrLv><mdHrLvName Sync="TRUE">dataset</mdHrLvName><distinfo><resdesc Sync="TRUE">Live Data and Maps</resdesc><distliab>This map does not represent a legal survey and may not meet National Map Accuracy Standards. THE STATE OF NEBRASKA MAKES NO WARRANTY OF MERCHANTABILITY OR WARRANTY FOR FITNESS OF USE FOR A PARTICULAR PURPOSE, EXPRESSED OR IMPLIED, WITH RESPECT TO THESE MAP PRODUCTS OR THE UNDERLYING DATA. Any users of these map products, map applications, or data, accepts same AS IS, WITH ALL FAULTS, and assumes all responsibility for the use thereof, and further covenants and agrees to hold the State harmless from and against all damage, loss, or liability arising from any use of this map product.</distliab><distrib><cntinfo><cntorgp><cntorg>State of Nebraska Department of Roads</cntorg><cntper>Michael Niedermeyer</cntper></cntorgp><cntpos>Geospatial Data Owner</cntpos><cntaddr><addrtype>mailing and physical address</addrtype><address>1500 Highway 2</address><city>Lincoln</city><state>NE</state><postal>68502</postal></cntaddr><cntemail>michael.niedermeyer@nebraska.gov</cntemail></cntinfo></distrib></distinfo><distInfo><distributor><distorTran><onLineSrc><orDesc Sync="TRUE">002</orDesc><linkage Sync="TRUE">file://\\Dorimage1\plandev\EPU\GIS_data\NEBR_base.gdb</linkage><protocol Sync="TRUE">Local Area Network</protocol></onLineSrc></distorTran><distorFormat><formatName Sync="TRUE">File Geodatabase Feature Class</formatName></distorFormat></distributor><distFormat><formatName Sync="TRUE">Shapefile</formatName></distFormat><distTranOps><transSize Sync="TRUE">0.000</transSize></distTranOps></distInfo><spdoinfo><direct Sync="TRUE">Vector</direct><ptvctinf><esriterm Name="County"><efeatyp Sync="TRUE">Simple</efeatyp><efeageom Sync="TRUE">4</efeageom><esritopo Sync="TRUE">FALSE</esritopo><efeacnt Sync="TRUE">0</efeacnt><spindex Sync="TRUE">FALSE</spindex><linrefer Sync="TRUE">FALSE</linrefer></esriterm></ptvctinf></spdoinfo><spref><horizsys><cordsysn><geogcsn Sync="TRUE">GCS_North_American_1983</geogcsn><projcsn Sync="TRUE">NAD_1983_StatePlane_Nebraska_FIPS_2600_Feet</projcsn></cordsysn><planar><planci><plance Sync="TRUE">coordinate pair</plance><plandu Sync="TRUE">survey feet</plandu><coordrep><absres Sync="TRUE">0.000328</absres><ordres Sync="TRUE">0.000328</ordres></coordrep></planci></planar><geodetic><horizdn Sync="TRUE">North American Datum of 1983</horizdn><ellips Sync="TRUE">Geodetic Reference System 80</ellips><semiaxis Sync="TRUE">6378137.000000</semiaxis><denflat Sync="TRUE">298.257222</denflat></geodetic></horizsys><vertdef><altsys><altenc Sync="TRUE">Explicit elevation coordinate included with horizontal coordinates</altenc><altres Sync="TRUE">0.000100</altres></altsys></vertdef></spref><refSysInfo><RefSystem><refSysID><identCode Sync="TRUE" code="26852">NAD_1983_StatePlane_Nebraska_FIPS_2600_Feet</identCode><idCodeSpace Sync="TRUE">EPSG</idCodeSpace><idVersion Sync="TRUE">7.4.1</idVersion></refSysID></RefSystem></refSysInfo><spatRepInfo><VectSpatRep><topLvl><TopoLevCd Sync="TRUE" value="001"></TopoLevCd></topLvl><geometObjs Name="County"><geoObjTyp><GeoObjTypCd Sync="TRUE" value="002"></GeoObjTypCd><geoObjCnt Sync="TRUE">0</geoObjCnt></geoObjTyp><geoObjCnt Sync="TRUE">0</geoObjCnt></geometObjs></VectSpatRep></spatRepInfo><eainfo><detailed><enttyp><enttypl>County</enttypl><enttypt Sync="TRUE">Feature Class</enttypt><enttypc Sync="TRUE">0</enttypc></enttyp><attr><attrlabl>FID</attrlabl><attrdef>Internal feature number.</attrdef><attrdefs>ESRI</attrdefs><attrdomv><udom>Sequential unique whole numbers that are automatically generated.</udom></attrdomv><attalias Sync="TRUE">FID</attalias><attrtype Sync="TRUE">OID</attrtype><attwidth Sync="TRUE">4</attwidth><atprecis Sync="TRUE">0</atprecis><attscale Sync="TRUE">0</attscale></attr><attr><attrlabl>Shape</attrlabl><attrdef>Feature geometry.</attrdef><attrdefs>ESRI</attrdefs><attrdomv><udom>Coordinates defining the features.</udom></attrdomv><attalias Sync="TRUE">Shape</attalias><attrtype Sync="TRUE">Geometry</attrtype><attwidth Sync="TRUE">0</attwidth><atprecis Sync="TRUE">0</atprecis><attscale Sync="TRUE">0</attscale></attr><attr><attrlabl>AREA</attrlabl><attalias Sync="TRUE">AREA</attalias><attrtype Sync="TRUE">Double</attrtype><attwidth Sync="TRUE">19</attwidth><atprecis Sync="TRUE">0</atprecis><attscale Sync="TRUE">0</attscale></attr><attr><attrlabl>PERIMETER</attrlabl><attalias Sync="TRUE">PERIMETER</attalias><attrtype Sync="TRUE">Double</attrtype><attwidth Sync="TRUE">19</attwidth><atprecis Sync="TRUE">0</atprecis><attscale Sync="TRUE">0</attscale></attr><attr><attrlabl>COUNTYBND_</attrlabl><attalias Sync="TRUE">COUNTYBND_</attalias><attrtype Sync="TRUE">Double</attrtype><attwidth Sync="TRUE">19</attwidth><atprecis Sync="TRUE">0</atprecis><attscale Sync="TRUE">0</attscale></attr><attr><attrlabl>COUNTYBND1</attrlabl><attalias Sync="TRUE">COUNTYBND1</attalias><attrtype Sync="TRUE">Double</attrtype><attwidth Sync="TRUE">19</attwidth><atprecis Sync="TRUE">0</atprecis><attscale Sync="TRUE">0</attscale></attr><attr><attrlabl>COUNTY_NO</attrlabl><attalias Sync="TRUE">COUNTY_NO</attalias><attrtype Sync="TRUE">SmallInteger</attrtype><attwidth Sync="TRUE">4</attwidth><atprecis Sync="TRUE">4</atprecis><attscale Sync="TRUE">0</attscale></attr><attr><attrlabl>COUNTY_NAM</attrlabl><attalias Sync="TRUE">COUNTY_NAM</attalias><attrtype Sync="TRUE">String</attrtype><attwidth Sync="TRUE">12</attwidth><atprecis Sync="TRUE">0</atprecis><attscale Sync="TRUE">0</attscale></attr><attr><attrlabl>FIPS_CODE</attrlabl><attalias Sync="TRUE">FIPS_CODE</attalias><attrtype Sync="TRUE">SmallInteger</attrtype><attwidth Sync="TRUE">4</attwidth><atprecis Sync="TRUE">4</atprecis><attscale Sync="TRUE">0</attscale></attr><attr><attrlabl>CTYNAME_UP</attrlabl><attalias Sync="TRUE">CTYNAME_UP</attalias><attrtype Sync="TRUE">String</attrtype><attwidth Sync="TRUE">12</attwidth><atprecis Sync="TRUE">0</atprecis><attscale Sync="TRUE">0</attscale></attr><attr><attrlabl>CTYNAME_LO</attrlabl><attalias Sync="TRUE">CTYNAME_LO</attalias><attrtype Sync="TRUE">String</attrtype><attwidth Sync="TRUE">12</attwidth><atprecis Sync="TRUE">0</atprecis><attscale Sync="TRUE">0</attscale></attr><attr><attrlabl>acres</attrlabl><attalias Sync="TRUE">acres</attalias><attrtype Sync="TRUE">Double</attrtype><attwidth Sync="TRUE">19</attwidth><atprecis Sync="TRUE">0</atprecis><attscale Sync="TRUE">0</attscale></attr><attr><attrlabl>Shape_Leng</attrlabl><attalias Sync="TRUE">Shape_Leng</attalias><attrtype Sync="TRUE">Double</attrtype><attwidth Sync="TRUE">19</attwidth><atprecis Sync="TRUE">0</atprecis><attscale Sync="TRUE">0</attscale></attr><attr><attrlabl>Shape_Area</attrlabl><attrdef>Area of feature in internal units squared.</attrdef><attrdefs>ESRI</attrdefs><attrdomv><udom>Positive real numbers that are automatically generated.</udom></attrdomv><attalias Sync="TRUE">Shape_Area</attalias><attrtype Sync="TRUE">Double</attrtype><attwidth Sync="TRUE">19</attwidth><atprecis Sync="TRUE">0</atprecis><attscale Sync="TRUE">0</attscale></attr></detailed><overview><eaover>Entity Attribute Overview 1: Insert your overview in the database table 2e_Citation</eaover><eadetcit>Citation 1: Insert your citations in the database table 2e_Citation</eadetcit></overview></eainfo><mdDateSt Sync="TRUE">20111115</mdDateSt><dataqual><logic>Tests for integrity have not been performed.</logic><complete>Features represented have not been tested for completeness</complete><posacc><horizpa><horizpar>Data were collected using methods that have unknown accuracy (EPA National Geospatial Data Policy [NGDP] Accuracy Tier 10). For more information, please see EPA's NGDP at http://epa.gov/geospatial/policies.html)</horizpar></horizpa></posacc></dataqual></metadata>
